{
  "trust_scores": {
    "test_agent": [
      33.0,
      8.999999999999998
    ],
    "agent-1": [
      1162.0,
      129.99999999999997
    ],
    "agent-2": [
      1033.0,
      258.99999999999994
    ],
    "agent-3": [
      646.0,
      646.0
    ],
    "agent-4": [
      129.99999999999997,
      1162.0
    ],
    "agent-5": [
      258.99999999999994,
      1033.0
    ]
  },
  "metadata": {
    "update_factor": 10,
    "last_saved": "2025-09-18T20:19:52.018857",
    "version": "2.5.0",
    "total_agents": 6,
    "drift_threshold": 0.3
  }
}